{"cameraMode":{"drawMode":0,"name":"Shaded","section":"Shading Mode"},"sceneLighting":true,"audioPlay":false,"sceneViewState":{"m_AlwaysRefresh":false,"showFog":true,"showSkybox":true,"showFlares":true,"showImageEffects":true,"showParticleSystems":true,"showVisualEffectGraphs":true,"m_FxEnabled":true},"in2DMode":false,"pivot":{"x":-2.604816198348999,"y":7.120764255523682,"z":-0.2626686096191406},"rotation":{"x":0.013180897571146489,"y":-0.03838905692100525,"z":-0.0005037053488194943,"w":-0.9991877675056458},"size":12.214583396911621,"orthographic":false}