{"cameraMode":{"drawMode":0,"name":"Shaded","section":"Shading Mode"},"sceneLighting":true,"audioPlay":false,"sceneViewState":{"m_AlwaysRefresh":false,"showFog":true,"showSkybox":true,"showFlares":true,"showImageEffects":true,"showParticleSystems":true,"showVisualEffectGraphs":true,"m_FxEnabled":true},"in2DMode":false,"pivot":{"x":27.642498016357423,"y":6.720242023468018,"z":-10.74802017211914},"rotation":{"x":0.04677535220980644,"y":-0.02815486490726471,"z":0.0013016490265727044,"w":0.998532772064209},"size":15.530105590820313,"orthographic":false}